config,graine,pas,ce_train_bits,objectif,dist_golden,norme,val_exact
a,1,0,5.221006186087515,5.221006186087515,0.0,45.8257569495584,1.0
a,1,10,5.189348132604532,5.189348132604532,0.039015020147117566,45.83828833226647,1.0
a,1,30,5.13104655261444,5.13104655261444,0.11319352482986463,45.8671733167924,1.0
a,1,100,4.946226389038891,4.946226389038891,0.34774383979962287,45.983411230574845,1.0
a,1,300,4.497046540248685,4.497046540248685,0.8834571496580931,46.359330555351264,1.0
a,1,1000,3.322529604251087,3.322529604251087,2.5094752958066815,47.69876830497464,1.0
a,1,3000,1.6093333778806,1.6093333778806,6.222468645210182,50.95232020874152,1.0
a,1,10000,0.18335062941515753,0.18335062941515753,16.707390335286338,60.544546401873056,1.0
a,1,20000,0.0089134318760775,0.0089134318760775,30.962509710163854,73.89755823334492,1.0
a,2,0,5.463192081546592,5.463192081546592,0.0,45.8257569495584,1.0
a,2,10,5.426983972336545,5.426983972336545,0.040038503950568544,45.83466267395971,1.0
a,2,30,5.360270208228628,5.360270208228628,0.11629234894491408,45.85630726305918,1.0
a,2,100,5.1642408896271865,5.1642408896271865,0.34565747312507406,45.952888923414285,1.0
a,2,300,4.697094780065648,4.697094780065648,0.8716839258036525,46.29968799279787,1.0
a,2,1000,3.4733890346719787,3.4733890346719787,2.44454392699461,47.5745545061517,1.0
a,2,3000,1.6820539626652438,1.6820539626652438,6.071330621126311,50.680053834451684,1.0
a,2,10000,0.19251199932917645,0.19251199932917645,16.30024796506331,59.87591916981766,1.0
a,2,20000,0.009536388690264392,0.009536388690264392,30.22471312129289,72.77777930144211,1.0
a,3,0,5.539955580411342,5.539955580411342,0.0,45.8257569495584,1.0
a,3,10,5.505350487274983,5.505350487274983,0.04000500910646813,45.83732111921274,1.0
a,3,30,5.4418632719126725,5.4418632719126725,0.11464467329747312,45.866359417320325,1.0
a,3,100,5.24643494721776,5.24643494721776,0.34635188566877545,45.984597878283004,1.0
a,3,300,4.766661486581173,4.766661486581173,0.8778141178865521,46.38386857458314,1.0
a,3,1000,3.5202895503403155,3.5202895503403155,2.5297997092639064,47.75583524256447,1.0
a,3,3000,1.7038135380487354,1.7038135380487354,6.2777108071924665,51.06245044199175,1.0
a,3,10000,0.19424022962109627,0.19424022962109627,16.80611142357278,60.7251033144768,1.0
a,3,20000,0.009437494146653418,0.009437494146653418,31.11046033254021,74.15322872017222,1.0
a,4,0,5.459064872027859,5.459064872027859,0.0,45.8257569495584,1.0
a,4,10,5.419520502787864,5.419520502787864,0.039058735659027614,45.83753126761678,1.0
a,4,30,5.347977177616928,5.347977177616928,0.11439032895118928,45.86080671711857,1.0
a,4,100,5.1441626635686974,5.1441626635686974,0.33815572527877213,45.96988030209648,1.0
a,4,300,4.680445122907305,4.680445122907305,0.8569746998217288,46.365269889778546,1.0
a,4,1000,3.4593262136795806,3.4593262136795806,2.5281693476490923,47.74275878086991,1.0
a,4,3000,1.6698461888621317,1.6698461888621317,6.285701289361682,51.063536499009594,1.0
a,4,10000,0.18852210412085413,0.18852210412085413,16.840479912602,60.77254433186014,1.0
a,4,20000,0.00905513265509338,0.00905513265509338,31.197315246735265,74.26088331518179,1.0
a,5,0,5.264577966395517,5.264577966395517,0.0,45.8257569495584,1.0
a,5,10,5.229681838337089,5.229681838337089,0.03972255788941224,45.8348006694333,1.0
a,5,30,5.164960941444623,5.164960941444623,0.11678109431678634,45.853943573299595,1.0
a,5,100,4.975489236974226,4.975489236974226,0.3413561514575968,45.950854061475304,1.0
a,5,300,4.51910580934698,4.51910580934698,0.8643287652919773,46.326891935847186,1.0
a,5,1000,3.330680786954635,3.330680786954635,2.5070698161684586,47.66417462989097,1.0
a,5,3000,1.6057382358401777,1.6057382358401777,6.1972698993425706,50.86882593287895,1.0
a,5,10000,0.18111848065838967,0.18111848065838967,16.557691222838017,60.29303905589824,1.0
a,5,20000,0.0087023586386397,0.0087023586386397,30.680303853168574,73.46648906641227,1.0
b-lam0.01,1,0,5.221006186087515,26.221006186087514,0.0,45.8257569495584,1.0
b-lam0.01,1,10,5.210122950065901,26.18198978126225,0.043495739648848133,45.79505085835843,1.0
b-lam0.01,1,30,5.189939404290368,26.10631569001686,0.12697226200687908,45.734424983513776,1.0
b-lam0.01,1,100,5.1608356938106414,25.882129432072354,0.39261718661071265,45.52064777467662,1.0
b-lam0.01,1,300,5.179681679442717,25.348645457961034,1.090968419183167,44.909869492705404,1.0
b-lam0.01,1,1000,5.626525861759341,23.97204816598904,3.4994451254089496,42.831673215308435,1.0
b-lam0.01,1,3000,7.213529457150465,21.625569498490318,9.512374325435308,37.96319275474581,1.0
b-lam0.01,1,10000,9.349197432957716,18.733612654911035,18.9637354612798,30.63399291955477,1.0
b-lam0.01,1,20000,10.315975408872061,18.125271794593395,23.43281553715997,27.945118331689585,1.0
b-lam0.01,2,0,5.463192081546592,26.46319208154659,0.0,45.8257569495584,1.0
b-lam0.01,2,10,5.447865536416383,26.41899460652863,0.04348781556061777,45.79424534820095,1.0
b-lam0.01,2,30,5.422956669225084,26.336910993424254,0.12743269723300013,45.731777052941176,1.0
b-lam0.01,2,100,5.373699580758592,26.091700447794288,0.3940950051965264,45.51703073250242,1.0
b-lam0.01,2,300,5.313022255170618,25.488887423125817,1.0984786614397146,44.91755243549586,1.0
b-lam0.01,2,1000,5.460853757842618,23.839965721788264,3.503981362643557,42.87086652255311,1.0
b-lam0.01,2,3000,7.00253626105116,21.400464488306444,9.519139377344603,37.94460202354912,1.0
b-lam0.01,2,10000,9.295681389117602,18.608296820261437,18.95847101945099,30.516578168503486,1.0
b-lam0.01,2,20000,10.1360751748608,17.81757536756268,23.39459132308985,27.715519465999332,1.0
b-lam0.01,3,0,5.539955580411342,26.53995558041134,0.0,45.8257569495584,1.0
b-lam0.01,3,10,5.5260383433326465,26.498172261012954,0.04311520760384555,45.79534246807235,1.0
b-lam0.01,3,30,5.505875729325262,26.421959460526868,0.12680775581875062,45.73410514178845,1.0
b-lam0.01,3,100,5.47361885391885,26.195491012231695,0.3936097041336146,45.521283108358055,1.0
b-lam0.01,3,300,5.475419048349937,25.652317783419313,1.0866294570755062,44.918702936604674,1.0
b-lam0.01,3,1000,5.875724503602677,24.253330391227973,3.494134980149799,42.86910995999952,1.0
b-lam0.01,3,3000,7.35165132930703,21.84613274174882,9.48064221014604,38.071618579253744,1.0
b-lam0.01,3,10000,9.427690844350748,18.919171863067426,18.928988334310382,30.80824730281922,1.0
b-lam0.01,3,20000,10.389565483314527,18.333718267279178,23.35569350293572,28.185373483359506,1.0
b-lam0.01,4,0,5.459064872027859,26.45906487202786,0.0,45.8257569495584,1.0
b-lam0.01,4,10,5.4400002056183725,26.411840260620266,0.043157147355132056,45.79502162353665,1.0
b-lam0.01,4,30,5.4125343223243405,26.32727063183618,0.12733940616784048,45.73263201425415,1.0
b-lam0.01,4,100,5.362562415219714,26.08153400633171,0.39881168232814707,45.518097050636904,1.0
b-lam0.01,4,300,5.356386703193216,25.528881992394922,1.092859098519744,44.91380109632417,1.0
b-lam0.01,4,1000,5.790319119157004,24.152603792771995,3.499528417903601,42.85123647412638,1.0
b-lam0.01,4,3000,7.295914797332336,21.75318277125794,9.50438281737926,38.02271422968855,1.0
b-lam0.01,4,10000,9.3921495198895,18.818419639535165,19.014587611695116,30.702231384128524,1.0
b-lam0.01,4,20000,10.359106083919531,18.221409903826256,23.47521306325545,28.03979996345681,1.0
b-lam0.01,5,0,5.264577966395517,26.264577966395517,0.0,45.8257569495584,1.0
b-lam0.01,5,10,5.2519986306123645,26.22265740826355,0.04363787670424777,45.793731861086826,1.0
b-lam0.01,5,30,5.232733992277002,26.14510448252228,0.12810050402327217,45.730045364339276,1.0
b-lam0.01,5,100,5.205397546525795,25.917994556812776,0.3965970321171025,45.511094263143114,1.0
b-lam0.01,5,300,5.196104518273685,25.359022884640904,1.0952182463719662,44.903138382931786,1.0
b-lam0.01,5,1000,5.455454157412699,23.807635502408345,3.5042747200599127,42.83944601065197,1.0
b-lam0.01,5,3000,7.017385472042834,21.392194193831532,9.559581041270878,37.91412496918358,1.0
b-lam0.01,5,10000,9.22714091754614,18.503398331968853,19.084060750036894,30.45694898446447,1.0
b-lam0.01,5,20000,10.216614712118474,17.842212336463593,23.651956633704017,27.61448464908429,1.0
b-lam0.1,1,0,5.221006186087515,215.22100618608752,0.0,45.8257569495584,1.0
b-lam0.1,1,10,5.245872235528794,214.9060974098606,0.04423565722865252,45.78866946902168,1.0
b-lam0.1,1,30,5.297266542138234,214.27928493031732,0.12725090006112583,45.71455111757952,1.0
b-lam0.1,1,100,5.491572768972214,212.1148439160441,0.40231109031088963,45.45583253522829,1.0
b-lam0.1,1,300,6.126754819141519,206.14588750163145,1.188608511566729,44.72349859777183,1.0
b-lam0.1,1,1000,9.148847186100257,187.59006273455793,3.8634340186382703,42.24230291407627,1.0
b-lam0.1,1,3000,25.07753206483898,154.2518099253745,10.826462194318493,35.94082328780679,1.0
b-lam0.1,1,10000,69.76716345245907,130.7285955689383,22.63270925362525,24.690368996124622,1.0
b-lam0.1,1,20000,85.1874648939923,121.97372933742948,28.67841483826864,19.179745682213092,0.7893333333333333
b-lam0.1,2,0,5.463192081546592,215.4631920815466,0.0,45.8257569495584,1.0
b-lam0.1,2,10,5.488003331085691,215.148245302992,0.04372327728803052,45.78867130327176,1.0
b-lam0.1,2,30,5.539305537432922,214.52134732908178,0.1271526870604795,45.714553677319095,1.0
b-lam0.1,2,100,5.733864177524884,212.3572850685055,0.4036392379542841,45.45584900658886,1.0
b-lam0.1,2,300,6.375885048662152,206.3945914999618,1.189084595865472,44.72345094592988,1.0
b-lam0.1,2,1000,9.47352303734887,187.90591823274443,3.863748695010187,42.24125888221083,1.0
b-lam0.1,2,3000,25.55599180786474,154.65965424171122,10.780579559829025,35.9309980982781,1.0
b-lam0.1,2,10000,68.18868605725245,128.94545158354853,22.702582992891063,24.64888750558452,1.0
b-lam0.1,2,20000,81.42574746347002,117.06118564043183,29.19940490308119,18.87735102628592,0.39
b-lam0.1,3,0,5.539955580411342,215.53995558041134,0.0,45.8257569495584,1.0
b-lam0.1,3,10,5.566096512534036,215.22634078444764,0.0440730857722274,45.78867155442639,1.0
b-lam0.1,3,30,5.620108227278207,214.60215309257015,0.12692838317662558,45.71455401349683,1.0
b-lam0.1,3,100,5.824432285170344,212.447901593831,0.40304365724276614,45.455854332380625,1.0
b-lam0.1,3,300,6.495555873159602,206.5155767860224,1.1883145937548496,44.72359790008657,1.0
b-lam0.1,3,1000,9.707067972429016,188.1581988370819,3.861314673226607,42.243476521784146,1.0
b-lam0.1,3,3000,26.443329467973584,155.79146625282095,10.806603542634244,35.96500198593729,1.0
b-lam0.1,3,10000,70.15117254559182,131.98789945667494,22.468346052229457,24.866991557300036,1.0
b-lam0.1,3,20000,85.85119195534114,123.89589226467079,28.398206065092612,19.505050707273142,1.0
b-lam0.1,4,0,5.459064872027859,215.45906487202785,0.0,45.8257569495584,1.0
b-lam0.1,4,10,5.482622665444373,215.14287616239457,0.04393725627171069,45.788672561775606,1.0
b-lam0.1,4,30,5.531364313294517,214.51341864047595,0.12780449469029606,45.71455504838491,1.0
b-lam0.1,4,100,5.718218455328116,212.34151278450864,0.4046434380116208,45.455835085187964,1.0
b-lam0.1,4,300,6.340404382799007,206.35777940026122,1.1891404336046933,44.72330209381483,1.0
b-lam0.1,4,1000,9.426915475338957,187.8480233608636,3.867242245712037,42.23992280834858,1.0
b-lam0.1,4,3000,26.009089604377635,155.19972610449375,10.827232534502228,35.943098989947444,1.0
b-lam0.1,4,10000,70.18918174979405,131.39641506690896,22.60541826652423,24.740095658084044,1.0
b-lam0.1,4,20000,85.42998779890574,122.82634748813808,28.545529716979097,19.338138402967424,1.0
b-lam0.1,5,0,5.264577966395517,215.2645779663955,0.0,45.8257569495584,1.0
b-lam0.1,5,10,5.288549202662779,214.94878412880593,0.04381368442090127,45.78867053389333,1.0
b-lam0.1,5,30,5.338098884637464,214.3201137192748,0.12664811715452942,45.714550728913146,1.0
b-lam0.1,5,100,5.525496679934788,212.1486855785646,0.40356443375217427,45.45582348815494,1.0
b-lam0.1,5,300,6.145206340340984,206.16287526005644,1.1893136566440128,44.72333495164638,1.0
b-lam0.1,5,1000,9.164452213628648,187.58814359540344,3.8650798913300712,42.24022861938306,1.0
b-lam0.1,5,3000,25.012092557095954,154.11019291886487,10.80403197104725,35.930224096402306,1.0
b-lam0.1,5,10000,68.21194641441787,128.60281178253135,22.80352393325869,24.574552970117985,1.0
b-lam0.1,5,20000,83.03290534330729,118.23976181468991,29.236200043083084,18.763490206084427,0.39
b-lam1,1,0,5.221006186087515,2105.2210061860874,0.0,45.8257569495584,1.0
b-lam1,1,10,5.246377962076229,2101.8481721221747,0.041107246422514676,45.78866447233527,1.0
b-lam1,1,30,5.299530158934044,2095.1164340887444,0.12014593723359297,45.71451524329893,1.0
b-lam1,1,100,5.494254132651732,2071.709161050638,0.399290506757066,45.45563669027183,1.0
b-lam1,1,300,6.137770453921848,2006.188258746372,1.1914419831087126,44.72192402270334,1.0
b-lam1,1,1000,9.751055449140726,1792.2265079511678,3.900920622219025,42.219372952496904,1.0
b-lam1,1,3000,45.20250262050791,1313.7726847500376,11.15336705286962,35.61699288442989,1.0
b-lam1,1,10000,390.58799895821363,718.2829646439316,31.171418162997007,18.102346966228385,0.3626666666666667
b-lam1,1,20000,479.94524029498996,519.1518316260881,42.725397706464776,6.261516695745379,0.0
b-lam1,2,0,5.463192081546592,2105.4631920815464,0.0,45.8257569495584,1.0
b-lam1,2,10,5.488485323272448,2102.090293447897,0.04128122933401229,45.78866462482417,1.0
b-lam1,2,30,5.5418894995625125,2095.3587584634147,0.12017186004526963,45.71451486086068,1.0
b-lam1,2,100,5.737362843666548,2071.95221712434,0.39930273844011416,45.45563611127528,1.0
b-lam1,2,300,6.383570610121621,2006.4338575525746,1.1914518323224998,44.721921771570294,1.0
b-lam1,2,1000,10.006777625378795,1792.478692560673,3.9009253505321517,42.219331057411296,1.0
b-lam1,2,3000,44.856133044451276,1312.626610621011,11.1431328265996,35.60576466776917,1.0
b-lam1,2,10000,388.25527935058545,719.2305486422144,30.974966723451207,18.19272572463041,0.28
b-lam1,2,20000,501.2753506277654,540.6620926198121,42.54575592735416,6.275885753584646,0.0
b-lam1,3,0,5.539955580411342,2105.5399555804115,0.0,45.8257569495584,1.0
b-lam1,3,10,5.566578864085902,2102.1683884619674,0.041250021707795674,45.78866464091175,1.0
b-lam1,3,30,5.62259079571642,2095.4394944565015,0.12014712184805774,45.714515240356484,1.0
b-lam1,3,100,5.827630262042942,2072.042561252338,0.3992981769164436,45.45563695506087,1.0
b-lam1,3,300,6.505705666277086,2006.5569016473705,1.191423229291991,44.72193193480234,1.0
b-lam1,3,1000,10.31989226403655,1792.806884063605,3.900621469808926,42.21950961107398,1.0
b-lam1,3,3000,47.64977290358335,1316.8192489896426,11.15020972239264,35.625404925222384,1.0
b-lam1,3,10000,414.6018109629059,744.7844987325846,31.015320886532972,18.170929744228243,0.3373333333333333
b-lam1,3,20000,509.7724565152633,549.0169592562119,42.690612234896484,6.2645432986729785,0.0
b-lam1,4,0,5.459064872027859,2105.4590648720277,0.0,45.8257569495584,1.0
b-lam1,4,10,5.4831014506069815,2102.084931861537,0.04155508445388045,45.788664868184675,1.0
b-lam1,4,30,5.53440907367655,2095.3512923900157,0.12023822507265888,45.71451501784022,1.0
b-lam1,4,100,5.722185584305168,2071.9370044789716,0.3993298235223864,45.455635722038544,1.0
b-lam1,4,300,6.344422560633881,2006.3941327847017,1.191465432591624,44.721915323743325,1.0
b-lam1,4,1000,9.868045115398152,1792.3332383811005,3.901196306433305,42.21925145316651,1.0
b-lam1,4,3000,45.94332421308252,1314.4763228523948,11.15732903192783,35.6164708897346,1.0
b-lam1,4,10000,408.2331603717288,735.2884879351118,31.15267767585962,18.08467106594375,0.27066666666666667
b-lam1,4,20000,498.9270292121768,538.1897255447777,42.70978506744608,6.265995238794944,0.0
b-lam1,5,0,5.264577966395517,2105.2645779663953,0.0,45.8257569495584,1.0
b-lam1,5,10,5.288976765267494,2101.890779098698,0.041160456914205036,45.78866456158588,1.0
b-lam1,5,30,5.340416951442794,2095.1573315588016,0.12017680051191983,45.71451536008403,1.0
b-lam1,5,100,5.528853281624139,2071.7437133857575,0.3993047016147099,45.455636175331804,1.0
b-lam1,5,300,6.151926361572109,2006.2017387437484,1.1914621074869338,44.72191646589149,1.0
b-lam1,5,1000,9.653804157642773,1792.118060478433,3.9011035193429078,42.219240356984045,1.0
b-lam1,5,3000,44.745813665158124,1312.8197399105075,11.148188761363416,35.6100256423012,1.0
b-lam1,5,10000,385.8010549519726,712.148010127893,31.17759317601192,18.06507556518711,0.2653333333333333
b-lam1,5,20000,483.90338715951685,523.138058689382,42.646205160753595,6.263758578510597,0.0
c-lam0.01,1,0,5.221006186087515,6.921006186087515,0.0,45.8257569495584,1.0
c-lam0.01,1,10,5.191663969700488,6.891502372918998,0.03351564167909197,45.826576766272865,1.0
c-lam0.01,1,30,5.13761783640781,6.836925793316134,0.09739419669311543,45.824697031948595,1.0
c-lam0.01,1,100,4.973435243081994,6.67031085775507,0.2951340600619186,45.78792352932916,1.0
c-lam0.01,1,300,4.5807034080068325,6.26693183326349,0.8382207300206755,45.51095692431136,1.0
c-lam0.01,1,1000,3.5745669459402727,5.218235622770125,2.8961416271796496,44.30458172747346,1.0
c-lam0.01,1,3000,2.0573504765459423,3.612138568905639,7.729206997546584,41.87620986045623,1.0
c-lam0.01,1,10000,0.6853004794360388,2.072248047451031,19.65174415457057,38.80507407267013,1.0
c-lam0.01,1,20000,0.5194815067077105,1.846761131684035,27.31122043100359,39.751705501702276,1.0
c-lam0.01,2,0,5.463192081546592,7.163192081546592,0.0,45.8257569495584,1.0
c-lam0.01,2,10,5.428664518416066,7.128493133990534,0.0369531844802264,45.825885485377945,1.0
c-lam0.01,2,30,5.365423885747992,7.064764419316225,0.10677042897678667,45.82333289790207,1.0
c-lam0.01,2,100,5.186988642670835,6.883953665394385,0.3148276291668047,45.78887651531385,1.0
c-lam0.01,2,300,4.777998668105713,6.465622003943336,0.8192077519058927,45.5400966250236,1.0
c-lam0.01,2,1000,3.7232813949785646,5.369741424224487,2.7433074197006087,44.35171437536394,1.0
c-lam0.01,2,3000,2.130556347544225,3.6888409195343383,7.408688682558723,41.90489204484999,1.0
c-lam0.01,2,10000,0.7128215494007131,2.1012651115819994,18.92196120684631,38.6347733066332,1.0
c-lam0.01,2,20000,0.5345819587733035,1.8569505229345018,26.163438049360337,39.06802995886185,1.0
c-lam0.01,3,0,5.539955580411342,7.239955580411342,0.0,45.8257569495584,1.0
c-lam0.01,3,10,5.507846556247995,7.207707423770036,0.03508748106358485,45.82642554939201,1.0
c-lam0.01,3,30,5.44878362925277,7.148193766519015,0.10200430206115108,45.82591957301451,1.0
c-lam0.01,3,100,5.273591215224237,6.970843759924079,0.3017218001009723,45.79410480809555,1.0
c-lam0.01,3,300,4.859241951321266,6.546644754370449,0.8252398664657278,45.52575362927753,1.0
c-lam0.01,3,1000,3.789108984814184,5.4369147183463085,2.8093626667761153,44.38585128540807,1.0
c-lam0.01,3,3000,2.15868350983621,3.721392067340541,7.56674349524105,42.043209581239864,1.0
c-lam0.01,3,10000,0.6959544895827274,2.0895022755291763,19.659197484834927,38.99652035019828,1.0
c-lam0.01,3,20000,0.5183079363577849,1.8528655803563745,27.49050476513675,40.060563182494704,1.0
c-lam0.01,4,0,5.459064872027859,7.15906487202786,0.0,45.8257569495584,1.0
c-lam0.01,4,10,5.421325176153031,7.121201833736226,0.03624713098615341,45.82448191986231,1.0
c-lam0.01,4,30,5.353093923173787,7.052580206893252,0.10446883839892225,45.82392333596054,1.0
c-lam0.01,4,100,5.168825943242308,6.865819726606054,0.304904121613334,45.78760172698763,1.0
c-lam0.01,4,300,4.769243761372936,6.455769977833475,0.8268866912661423,45.507674630185114,1.0
c-lam0.01,4,1000,3.724445062663823,5.36946258516941,2.8507344240718195,44.317440051042084,1.0
c-lam0.01,4,3000,2.1252870178584002,3.681689138799107,7.698769221882956,41.89483869037496,1.0
c-lam0.01,4,10000,0.6895782623212489,2.077003168695246,19.827607374199424,38.88072238338876,1.0
c-lam0.01,4,20000,0.5175209271789869,1.8475001816160428,27.47755887750155,39.928247975404155,1.0
c-lam0.01,5,0,5.264577966395517,6.964577966395517,0.0,45.8257569495584,1.0
c-lam0.01,5,10,5.230613546003758,6.930432656683066,0.03668597018547619,45.82250430336515,1.0
c-lam0.01,5,30,5.169669869970161,6.868937115117909,0.10619742899095265,45.815912957964585,1.0
c-lam0.01,5,100,4.998456248494907,6.695007075462515,0.3142572058066253,45.770012160998,1.0
c-lam0.01,5,300,4.601953945253616,6.2878117881466835,0.8600093601822383,45.47673582731528,1.0
c-lam0.01,5,1000,3.582773722792129,5.225642974832204,2.9018869261766733,44.24327614650219,1.0
c-lam0.01,5,3000,2.0469637508559666,3.598949938711872,7.74101154697081,41.738685077388,1.0
c-lam0.01,5,10000,0.6825546244479022,2.0628648344026814,19.59813679588214,38.55447846652023,1.0
c-lam0.01,5,20000,0.5239917965034707,1.8425184039847267,27.08081669437837,39.3371586487268,1.0
c-lam0.1,1,0,5.221006186087515,22.221006186087514,0.0,45.8257569495584,1.0
c-lam0.1,1,10,5.200042322704332,22.188148896151027,0.03954154196311203,45.797240966790355,1.0
c-lam0.1,1,30,5.162386900388922,22.126530325591894,0.11785049745891643,45.7404140073805,1.0
c-lam0.1,1,100,5.060809002608315,21.94234166255698,0.3854098900054858,45.541901517041744,1.0
c-lam0.1,1,300,4.85090950864457,21.503855079430704,1.1242017341286694,44.98068502827054,1.0
c-lam0.1,1,1000,4.558056249707103,20.455229629560012,3.5504127972294754,43.099275783567805,1.0
c-lam0.1,1,3000,4.553198229936288,18.761681715256447,9.216866946471539,38.82546013162532,1.0
c-lam0.1,1,10000,5.267611562039933,16.95738604061677,19.832266994894308,32.66615717908349,1.0
c-lam0.1,1,20000,5.63646444513757,16.405122374331576,25.507458333263084,30.943606513393622,1.0
c-lam0.1,2,0,5.463192081546592,22.46319208154659,0.0,45.8257569495584,1.0
c-lam0.1,2,10,5.4365235553399955,22.424794985231475,0.039463628104646965,45.79734524217261,1.0
c-lam0.1,2,30,5.387514338783133,22.351743491619338,0.11795635539509053,45.7405687148642,1.0
c-lam0.1,2,100,5.258758260984124,22.13986775335406,0.3869539388958546,45.54144974833928,1.0
c-lam0.1,2,300,4.999178261484806,21.65151736276289,1.13220027971755,44.980929285772945,1.0
c-lam0.1,2,1000,4.542221394650548,20.426068160531884,3.6178836414970164,43.07418171274283,1.0
c-lam0.1,2,3000,4.648737393987871,18.805504060698343,9.278086823477748,38.69947884429008,1.0
c-lam0.1,2,10000,5.4304541957265835,17.100543915614214,19.456491300926388,32.511651146709404,1.0
c-lam0.1,2,20000,5.6633225398288065,16.37437258201807,24.93259123257189,30.479001936919893,1.0
c-lam0.1,3,0,5.539955580411342,22.53995558041134,0.0,45.8257569495584,1.0
c-lam0.1,3,10,5.517196816989884,22.505402375336253,0.039502226939326146,45.79740679343673,1.0
c-lam0.1,3,30,5.476909660415513,22.441145472131062,0.11786096935294559,45.740639971247255,1.0
c-lam0.1,3,100,5.368480908349917,22.250578263222398,0.38571792904784463,45.543173913927056,1.0
c-lam0.1,3,300,5.151326035439025,21.8074681262963,1.1227280732022944,44.98722938525616,1.0
c-lam0.1,3,1000,4.799757535721902,20.717836821252327,3.527612434569096,43.14002172984518,1.0
c-lam0.1,3,3000,4.620688589322787,18.879666413387355,9.22833515746717,38.94818897249148,1.0
c-lam0.1,3,10000,5.236366019334614,17.000455777880767,19.867699841485727,32.92042616250613,1.0
c-lam0.1,3,20000,5.607866174822147,16.46354933418776,25.56517563894489,31.272255213104703,1.0
c-lam0.1,4,0,5.459064872027859,22.45906487202786,0.0,45.8257569495584,1.0
c-lam0.1,4,10,5.434289844386744,22.422099785784532,0.03902410711569649,45.796729481508805,1.0
c-lam0.1,4,30,5.384559318208915,22.348391608280732,0.1174517140390859,45.74003388641927,1.0
c-lam0.1,4,100,5.2551452615804655,22.135874226645335,0.38708708961670585,45.54166273285382,1.0
c-lam0.1,4,300,5.04092068141667,21.691539853062007,1.1289878891192524,44.981460390496,1.0
c-lam0.1,4,1000,4.728379312058552,20.63424168765991,3.5302896034077644,43.12233819703648,1.0
c-lam0.1,4,3000,4.59198451697259,18.819732489992735,9.257197064952415,38.88628665512129,1.0
c-lam0.1,4,10000,5.237488429514195,16.952797803781433,19.9603477765423,32.809769289697364,1.0
c-lam0.1,4,20000,5.610101772580368,16.414417666379872,25.57890998891054,31.115150907978986,1.0
c-lam0.1,5,0,5.264577966395517,22.264577966395517,0.0,45.8257569495584,1.0
c-lam0.1,5,10,5.238996639064669,22.22708332457675,0.039635561265678666,45.79727776154171,1.0
c-lam0.1,5,30,5.19372414115095,22.157664723553054,0.11813520002070424,45.74007863611294,1.0
c-lam0.1,5,100,5.071079531338165,21.95189199524023,0.3886409740768664,45.54144505858176,1.0
c-lam0.1,5,300,4.831588717931348,21.484419624753933,1.134145808650358,44.982764696361265,1.0
c-lam0.1,5,1000,4.4613458596701525,20.34838154996102,3.596671035057174,43.07850739036776,1.0
c-lam0.1,5,3000,4.5446807923246695,18.70654556535264,9.286975401046236,38.70639862054433,1.0
c-lam0.1,5,10000,5.274004300010315,16.92647677766265,19.740889250374995,32.52740466067159,1.0
c-lam0.1,5,20000,5.6798346391994725,16.346758193053713,25.46919274911311,30.517926012286374,1.0
c-lam1,1,0,5.221006186087515,175.22100618608752,0.0,45.8257569495584,1.0
c-lam1,1,10,5.2469535750263185,175.08724343861408,0.039988934907762425,45.78867283391785,1.0
c-lam1,1,30,5.2998440701938865,174.82090536743183,0.11994468089625401,45.714526130286345,1.0
c-lam1,1,100,5.494148788226943,173.89675955751017,0.39952664674205507,45.45531130931053,1.0
c-lam1,1,300,6.132418867658932,171.34982665275845,1.195953455888769,44.71714097597748,1.0
c-lam1,1,1000,9.337581815816183,163.58642369871055,3.94177634621124,42.17208407130046,1.0
c-lam1,1,3000,27.275907407178753,155.1225517737019,10.678674850052106,35.74314838164066,1.0
c-lam1,1,10000,64.13095850534052,153.93547151589974,21.97272272238786,25.145452146755407,1.0
c-lam1,1,20000,77.06532021733348,150.1664058318019,28.919934007066658,19.91517963855254,0.776
c-lam1,2,0,5.463192081546592,175.4631920815466,0.0,45.8257569495584,1.0
c-lam1,2,10,5.489282725032882,175.32962235468173,0.039982410889453666,45.78867132572456,1.0
c-lam1,2,30,5.54224462659554,175.06327348265907,0.11991969217960641,45.71453927606647,1.0
c-lam1,2,100,5.73728104428971,174.14011759964035,0.39942798793467726,45.45537375813479,1.0
c-lam1,2,300,6.384106608033816,171.6008335198383,1.1960115424263227,44.71708978517202,1.0
c-lam1,2,1000,9.698773807743844,163.93366105899867,3.9449868442263427,42.169458204933775,1.0
c-lam1,2,3000,27.282677177338304,155.1116354521553,10.685613534761664,35.73530628458696,1.0
c-lam1,2,10000,65.22263753587272,154.47306856900377,22.11046126109434,25.133881607610444,0.854
c-lam1,2,20000,77.93409325297833,148.62290027744697,29.450779192719047,19.398451142945067,0.39
c-lam1,3,0,5.539955580411342,175.53995558041134,0.0,45.8257569495584,1.0
c-lam1,3,10,5.567269873660559,175.40759324305003,0.03998275826431668,45.788676182208285,1.0
c-lam1,3,30,5.622868281421744,175.1441658572756,0.1199308783980881,45.71453762212508,1.0
c-lam1,3,100,5.827736635434702,174.23064129526867,0.3994877297926079,45.45532812364901,1.0
c-lam1,3,300,6.502210313333841,171.72003544083495,1.1957500515660044,44.717220275515594,1.0
c-lam1,3,1000,9.923533434578731,164.18241235763963,3.9392827191079745,42.17292016505622,1.0
c-lam1,3,3000,28.313651609584124,156.44507584516225,10.618407276260227,35.7904528573026,1.0
c-lam1,3,10000,63.18674483115342,154.0731190572355,21.76776149956084,25.405957580247,1.0
c-lam1,3,20000,75.3161468941365,150.23089826362792,28.55643055039055,20.445987466814223,1.0
c-lam1,4,0,5.459064872027859,175.45906487202785,0.0,45.8257569495584,1.0
c-lam1,4,10,5.484075588314045,175.32524750292313,0.03998755069213116,45.78868127316226,1.0
c-lam1,4,30,5.534892738493508,175.05609861431455,0.11992391051237607,45.71454586761745,1.0
c-lam1,4,100,5.722657883284032,174.12556529258595,0.39951166910317976,45.45532950440443,1.0
c-lam1,4,300,6.347691484015491,171.56316492169515,1.1964335238743595,44.71684425242251,1.0
c-lam1,4,1000,9.63330521220879,163.8539788572007,3.9479554583185767,42.167817715344995,1.0
c-lam1,4,3000,28.185897302345975,156.01291868874603,10.68161971523556,35.741750019430384,1.0
c-lam1,4,10000,63.6297266560524,153.83382613928077,21.92356216133997,25.245553539578676,1.0
c-lam1,4,20000,75.48421074579495,149.6954080447232,28.68878450223594,20.247475755832493,1.0
c-lam1,5,0,5.264577966395517,175.2645779663955,0.0,45.8257569495584,1.0
c-lam1,5,10,5.2897675325375735,175.1300362333754,0.03999210048858765,45.78866736485337,1.0
c-lam1,5,30,5.340896513565459,174.8616030693864,0.11995227423222153,45.71452088934253,1.0
c-lam1,5,100,5.529773504920957,173.93228118817032,0.39962374491810715,45.45523047016186,1.0
c-lam1,5,300,6.155509799592798,171.36995001248977,1.1966141343840186,44.71665877257593,1.0
c-lam1,5,1000,9.394214001961043,163.61618236473652,3.9478551245151765,42.16733595223998,1.0
c-lam1,5,3000,27.03575770397005,154.76744304863274,10.70999943928601,35.7118949795703,1.0
c-lam1,5,10000,64.55907095128975,153.702888027548,22.15119245630715,25.050729957316587,0.9986666666666667
c-lam1,5,20000,78.35123361807763,149.09069720793437,29.527829107959874,19.342360679494302,0.39
d-CE,1,0,5.221006186087515,5.221006186087515,0.0,45.8257569495584,1.0
d-CE,1,10,5.072217261446592,5.072217261446592,1.015504800579495,45.8915161004733,1.0
d-CE,1,30,4.863488027038222,4.863488027038222,1.25,45.910919180517396,1.0
d-CE,1,100,3.6540915878480247,3.6540915878480247,3.023346655611956,47.81883128015573,1.0
d-CE,1,300,1.6713920738961137,1.6713920738961137,7.325042661991806,51.246036432098826,1.0
d-CE,1,1000,0.09549995536623726,0.09549995536623726,24.715253387331476,65.90404957208624,1.0
d-CE,1,3000,2.4208380619259468e-05,2.4208380619259468e-05,82.44088791370457,117.42657280190033,1.0
d-CE,1,10000,2.6873269078675597e-19,2.6873269078675597e-19,223.08676142926993,256.2327128315196,1.0
d-CE,1,20000,3.217690897156995e-41,3.217690897156995e-41,398.233344755308,428.8426831310055,1.0
d-CE,2,0,5.463192081546592,5.463192081546592,0.0,45.8257569495584,1.0
d-CE,2,10,5.381038239778219,5.381038239778219,1.299038105676658,46.17020142906028,1.0
d-CE,2,30,5.354111987332576,5.354111987332576,1.928406077567689,45.8663138915697,1.0
d-CE,2,100,4.8149192933154055,4.8149192933154055,3.895109112720721,46.65213687495997,1.0
d-CE,2,300,2.8968923995910147,2.8968923995910147,8.769620858395191,49.74340408536593,1.0
d-CE,2,1000,0.3165533419148988,0.3165533419148988,25.862617810268162,63.70930073388029,1.0
d-CE,2,3000,1.9457924857151482e-05,1.9457924857151482e-05,82.81200471550004,114.79472167743603,1.0
d-CE,2,10000,1.0568676133658549e-18,1.0568676133658549e-18,230.17571412944503,261.2797530904375,1.0
d-CE,2,20000,3.651554511623308e-42,3.651554511623308e-42,403.061952434114,432.6114740734462,1.0
d-CE,3,0,5.539955580411342,5.539955580411342,0.0,45.8257569495584,1.0
d-CE,3,10,5.500371411305434,5.500371411305434,1.0752906583803283,45.70181889159336,1.0
d-CE,3,30,5.44768024488678,5.44768024488678,1.1110243021644486,45.78465217733995,1.0
d-CE,3,100,3.684872405593342,3.684872405593342,2.8804296554507283,47.03240239451946,1.0
d-CE,3,300,2.119110616166385,2.119110616166385,7.485402460789934,50.60663247045786,1.0
d-CE,3,1000,0.15433245205622056,0.15433245205622056,23.85961546211506,63.93771383150949,1.0
d-CE,3,3000,0.000405400393751307,0.000405400393751307,68.68371804874864,103.36200039182678,1.0
d-CE,3,10000,1.7085768405560885e-17,1.7085768405560885e-17,218.78106922217927,250.53723525655823,1.0
d-CE,3,20000,3.715109047564451e-40,3.715109047564451e-40,393.75279760910905,423.0012005006605,1.0
d-CE,4,0,5.459064872027859,5.459064872027859,0.0,45.8257569495584,1.0
d-CE,4,10,5.440719210325157,5.440719210325157,0.57282196186948,46.074158972248206,1.0
d-CE,4,30,5.176575062608828,5.176575062608828,2.394655507583502,46.631366857513406,1.0
d-CE,4,100,3.6527168736233113,3.6527168736233113,4.740121306464635,48.41196907790469,1.0
d-CE,4,300,1.844360760731236,1.844360760731236,9.67034771867072,52.30693668147658,1.0
d-CE,4,1000,0.14156752371431927,0.14156752371431927,31.053633040274047,69.80743602940879,1.0
d-CE,4,3000,7.449358450517986e-05,7.449358450517986e-05,88.91815056556226,122.58237026587469,1.0
d-CE,4,10000,5.25506404779019e-17,5.25506404779019e-17,217.19371393988362,250.64538570458464,1.0
d-CE,4,20000,5.313744803115291e-37,5.313744803115291e-37,378.65832223787186,408.88216517720605,1.0
d-CE,5,0,5.264577966395517,5.264577966395517,0.0,45.8257569495584,1.0
d-CE,5,10,5.232966614758071,5.232966614758071,0.8100925873009825,45.92827288283329,1.0
d-CE,5,30,5.194290681275893,5.194290681275893,1.976423537605237,46.28883504690953,1.0
d-CE,5,100,4.358744979641018,4.358744979641018,3.427827300200522,47.10891635348875,1.0
d-CE,5,300,3.6425802695825915,3.6425802695825915,8.171979564340576,50.067766576910536,1.0
d-CE,5,1000,0.1834955930550596,0.1834955930550596,27.997209682395138,67.14792439085515,1.0
d-CE,5,3000,2.531945320049289e-06,2.531945320049289e-06,85.63722540461012,119.13745999894408,1.0
d-CE,5,10000,1.4418197701434334e-19,1.4418197701434334e-19,229.52318101882432,261.7267480121205,1.0
d-CE,5,20000,4.3548458432766664e-42,4.3548458432766664e-42,415.8332560955172,445.94819976651996,1.0
d-L2,1,0,5.221006186087515,215.22100618608752,0.0,45.8257569495584,1.0
d-L2,1,10,5.663378078829184,212.23056557882921,0.81967981553775,45.44966309006041,1.0
d-L2,1,30,6.00503849698754,208.72378849698754,1.479019945774904,45.02429899509819,1.0
d-L2,1,100,9.989401645593645,193.31596414559368,4.27383024931969,42.81665125859331,1.0
d-L2,1,300,10.855333870329625,157.50533387032962,8.958236433584458,38.294908277733214,1.0
d-L2,1,1000,18.387775684808837,113.48308818480885,16.686914783745976,30.837527867843104,1.0
d-L2,1,3000,19.235310458655817,88.02281045865583,22.866460154558247,26.227371198806793,1.0
d-L2,1,10000,20.074998260325934,85.69999826032594,23.69071548096427,25.617376914898998,1.0
d-L2,1,20000,20.074998260325934,85.69999826032594,23.69071548096427,25.617376914898998,1.0
d-L2,2,0,5.463192081546592,215.4631920815466,0.0,45.8257569495584,1.0
d-L2,2,10,6.101459043961595,203.7358340439616,2.2569337606584736,44.456087884563125,1.0
d-L2,2,30,6.16021041293364,202.56021041293366,2.29128784747792,44.31703961232068,1.0
d-L2,2,100,6.50974763894082,183.22693513894083,4.967079121576382,42.03774345751684,1.0
d-L2,2,300,10.25339947458476,154.74089947458478,10.240849574132021,38.011511414307115,1.0
d-L2,2,1000,16.727389897029138,109.01020239702915,17.47364086273951,30.37808626296265,1.0
d-L2,2,3000,18.175570123107327,86.17088262310733,23.370988960675156,26.075910818224546,1.0
d-L2,2,10000,19.259370359581922,83.46718285958192,24.537280309765382,25.339260545643395,1.0
d-L2,2,20000,19.259370359581922,83.46718285958192,24.537280309765382,25.339260545643395,1.0
d-L2,3,0,5.539955580411342,215.53995558041134,0.0,45.8257569495584,1.0
d-L2,3,10,5.869142050006379,211.4316420500064,0.7905694150420949,45.33900087121462,1.0
d-L2,3,30,6.313265605108503,206.44764060510852,1.9605483926697653,44.73638060907476,1.0
d-L2,3,100,7.3774862889648025,198.01342378896481,2.9764702249476644,43.66187553232225,1.0
d-L2,3,300,10.74772047659464,164.02740797659465,8.384323168867002,39.150949860763276,1.0
d-L2,3,1000,16.10396795654305,106.91021795654305,17.939133200910238,30.1340753964677,1.0
d-L2,3,3000,18.89286376264734,90.64911376264735,21.938835429438818,26.78735709247928,1.0
d-L2,3,10000,19.550639834394552,86.66313983439454,23.87205479216232,25.906080367357777,1.0
d-L2,3,20000,19.550639834394552,86.66313983439454,23.87205479216232,25.906080367357777,1.0
d-L2,4,0,5.459064872027859,215.45906487202785,0.0,45.8257569495584,1.0
d-L2,4,10,6.174471824393885,210.6822843243939,1.6056540723331412,45.22254001048592,1.0
d-L2,4,30,6.154031315052915,208.25246881505294,1.8666480653835098,44.95535980280883,1.0
d-L2,4,100,8.233212594817829,189.95352509481785,4.438820226141176,42.628665531541095,0.9993333333333333
d-L2,4,300,10.12718909082244,153.18812659082243,9.584329658353786,37.82339719009914,1.0
d-L2,4,1000,15.958465678402575,105.90690317840259,17.8040550156418,29.991405018771626,1.0
d-L2,4,3000,18.77733728120595,86.63983728120594,23.502659423988597,26.050431858224538,1.0
d-L2,4,10000,19.234658058212837,85.99872055821285,23.9299106768078,25.838742713220395,1.0
d-L2,4,20000,19.234658058212837,85.99872055821285,23.9299106768078,25.838742713220395,1.0
d-L2,5,0,5.264577966395517,215.2645779663955,0.0,45.8257569495584,1.0
d-L2,5,10,5.348717730920874,213.75653023092087,0.57282196186948,45.651704513632346,1.0
d-L2,5,30,5.65282425073838,210.0496992507384,1.2119199643540823,45.21027261585579,1.0
d-L2,5,100,5.839368273807044,187.49718077380706,3.7520827549509086,42.62133415321487,1.0
d-L2,5,300,11.32116767400075,150.08210517400076,10.902264672993406,37.25062918931706,1.0
d-L2,5,1000,17.549282255531192,99.61490725553121,18.72581773915361,28.647098456911827,1.0
d-L2,5,3000,18.994645884333245,84.07433338433324,23.65474318186524,25.51072078558346,1.0
d-L2,5,10000,19.877733363674604,82.86992086367461,24.518806557416287,25.098244460519545,1.0
d-L2,5,20000,19.877733363674604,82.86992086367461,24.518806557416287,25.098244460519545,1.0
d,1,0,5.221006186087515,211.22100618608752,0.0,45.8257569495584,1.0
d,1,10,5.221006186087515,211.22100618608752,0.0,45.8257569495584,1.0
d,1,30,5.221006186087515,211.22100618608752,0.0,45.8257569495584,1.0
d,1,100,5.423122544596046,209.42312254459605,1.7320508075688772,45.967379738244816,1.0
d,1,300,5.214649521964507,209.2146495219645,4.69041575982343,46.389654018972806,1.0
d,1,1000,1.5316066206576358,205.53160662065764,9.539392014169456,51.09794516416487,1.0
d,1,3000,1.0090699833436152,205.0090699833436,10.14889156509222,52.278102490430925,1.0
d,1,10000,1.0090699833436152,205.0090699833436,10.14889156509222,52.278102490430925,1.0
d,1,20000,1.0090699833436152,205.0090699833436,10.14889156509222,52.278102490430925,1.0
d,2,0,5.463192081546592,211.4631920815466,0.0,45.8257569495584,1.0
d,2,10,5.4577933474950315,211.45779334749503,1.0,45.617978911828175,1.0
d,2,30,5.4577933474950315,211.45779334749503,1.0,45.617978911828175,1.0
d,2,100,5.413166661397837,211.41316666139784,1.4142135623730951,45.8475735453906,1.0
d,2,300,5.191180496509341,211.19118049650933,4.47213595499958,47.32863826479693,1.0
d,2,1000,2.2466797411562127,206.2466797411562,9.055385138137417,50.21951811795888,1.0
d,2,3000,1.0944096170328046,205.0944096170328,9.746794344808963,50.84289527554464,1.0
d,2,10000,1.0944096170328046,205.0944096170328,9.746794344808963,50.84289527554464,1.0
d,2,20000,1.0944096170328046,205.0944096170328,9.746794344808963,50.84289527554464,1.0
d,3,0,5.539955580411342,211.53995558041134,0.0,45.8257569495584,1.0
d,3,10,5.404477432784077,211.40447743278406,1.0,46.05431575867782,1.0
d,3,30,5.371720757126806,211.3717207571268,1.4142135623730951,45.8475735453906,1.0
d,3,100,5.284503151619591,211.2845031516196,3.605551275463989,46.184412955021955,1.0
d,3,300,5.3299521122197975,209.3299521122198,6.082762530298219,47.50789408087881,1.0
d,3,1000,2.5258681847747417,206.52586818477474,9.16515138991168,49.839743177508446,1.0
d,3,3000,1.0850541695192146,205.08505416951922,9.848857801796104,51.54609587543949,1.0
d,3,10000,1.0850541695192146,205.08505416951922,9.848857801796104,51.54609587543949,1.0
d,3,20000,1.0850541695192146,205.08505416951922,9.848857801796104,51.54609587543949,1.0
d,4,0,5.459064872027859,211.45906487202785,0.0,45.8257569495584,1.0
d,4,10,5.459064872027859,211.45906487202785,0.0,45.8257569495584,1.0
d,4,30,5.153689470191376,211.15368947019138,1.0,46.05431575867782,1.0
d,4,100,3.542828640107446,209.54282864010744,2.449489742783178,47.49736834815167,1.0
d,4,300,2.9589747523023004,208.9589747523023,4.0,48.43552415324934,1.0
d,4,1000,1.9817564349227876,205.9817564349228,7.681145747868608,51.07837115648854,1.0
d,4,3000,1.0293455218456453,205.02934552184564,10.198039027185569,52.85830114561004,1.0
d,4,10000,1.0293455218456453,205.02934552184564,10.198039027185569,52.85830114561004,1.0
d,4,20000,1.0293455218456453,205.02934552184564,10.198039027185569,52.85830114561004,1.0
d,5,0,5.264577966395517,211.2645779663955,0.0,45.8257569495584,1.0
d,5,10,5.226119453958625,211.22611945395863,1.0,46.05431575867782,1.0
d,5,30,4.861480984274113,210.86148098427412,1.4142135623730951,46.281745861624536,1.0
d,5,100,4.608810482547551,210.60881048254754,2.0,46.73328578219169,1.0
d,5,300,3.4965040477107654,207.49650404771077,3.872983346207417,46.42197755374064,1.0
d,5,1000,2.7832601663404692,206.78326016634048,8.366600265340756,50.0,1.0
d,5,3000,1.055481681287302,205.0554816812873,9.899494936611665,51.36146415358503,1.0
d,5,10000,1.055481681287302,205.0554816812873,9.899494936611665,51.36146415358503,1.0
d,5,20000,1.055481681287302,205.0554816812873,9.899494936611665,51.36146415358503,1.0
e,1,0,5.221006186087515,145.72759411204373,0.0,45.8257569495584,1.0
e,1,10,5.221006186087515,145.68509962132873,0.03777075399788027,45.79163427975648,1.0
e,1,30,5.221006186087515,145.60308960300955,0.11368913204657519,45.72320569954487,1.0
e,1,100,5.221006186087515,145.30135375699808,0.3807707521966973,45.48273902504602,1.0
e,1,300,6.030088910634134,145.2373732552271,1.1332103106802975,44.78812308488585,1.0
e,1,1000,8.02332714524882,144.11837506635186,3.758448582837299,42.37948332348797,1.0
e,1,3000,12.772645210727896,141.45417454271598,9.852831548991867,36.85983688724427,1.0
e,1,10000,23.615528299533295,139.99079162346425,19.934152165853742,29.530070906378374,1.0
e,1,20000,33.10464494172269,145.05867228518827,25.53091747311876,27.33267412054657,0.9646666666666667
e,2,0,5.463192081546592,145.9697800075028,0.0,45.8257569495584,1.0
e,2,10,5.463192081546592,145.9281878889677,0.03890056859087388,45.792291464123,1.0
e,2,30,5.463192081546592,145.84907944888926,0.11707074967794735,45.726190613840245,1.0
e,2,100,5.463192081546592,145.5597001467249,0.3916417230854676,45.494907392691175,1.0
e,2,300,6.15711561305,145.4078547390231,1.1472813260356576,44.8236260938341,1.0
e,2,1000,7.647901631960754,143.83791289677035,3.732468038439651,42.431681023624684,1.0
e,2,3000,11.769116911901962,140.37132108147526,9.91695631566303,36.85687406509278,1.0
e,2,10000,25.195636401816017,141.32600324253195,19.98374902408981,29.356015238888727,1.0
e,2,20000,27.296166802274918,138.48191116641127,26.03335593536154,26.596908650655376,1.0
e,3,0,5.539955580411342,146.04654350636756,0.0,45.8257569495584,1.0
e,3,10,5.539955580411342,146.00421587231833,0.038505855856844115,45.7917239141331,1.0
e,3,30,5.539955580411342,145.92375054350484,0.1155509188293723,45.724583091692075,1.0
e,3,100,5.539955580411342,145.62893126209994,0.3852912772607205,45.489633327511214,1.0
e,3,300,6.388011422198672,145.62461810419478,1.1326474731450935,44.809396629507646,1.0
e,3,1000,7.991342755541717,144.16384589591445,3.7279820663680012,42.418102496897234,1.0
e,3,3000,12.217294334725732,141.07273888858006,9.7888002564912,36.98434012055238,1.0
e,3,10000,25.30090625692494,141.95317366081292,19.910090646227133,29.73647002621118,1.0
e,3,20000,28.68600781730275,141.34922349098224,25.480719536635426,27.81431209521789,1.0
e,4,0,5.459064872027859,145.96565279798406,0.0,45.8257569495584,1.0
e,4,10,5.459064872027859,145.92493962564376,0.03928216170423473,45.7929098886041,1.0
e,4,30,5.459064872027859,145.84555701235544,0.11785304482183426,45.72726008988343,1.0
e,4,100,5.459064872027859,145.55553285666304,0.3936114801564411,45.49682507342374,1.0
e,4,300,6.097941143213065,145.3477082533908,1.1479770523595194,44.82459409676447,1.0
e,4,1000,7.736436831971173,143.896879997198,3.733637591924216,42.41978966233062,1.0
e,4,3000,14.087125051406552,142.7969799485224,9.898059947658258,36.84839500162821,1.0
e,4,10000,27.016341757342424,143.1756413473913,20.277334727267124,29.3786680232941,0.9886666666666667
e,4,20000,27.651888640332665,139.52397139035202,25.94934632577129,27.476870732166294,1.0
e,5,0,5.264577966395517,145.77116589235172,0.0,45.8257569495584,1.0
e,5,10,5.264577966395517,145.73008064031424,0.03953178483270466,45.792716325932524,1.0
e,5,30,5.264577966395517,145.650969386039,0.11850272614376167,45.72664655197676,1.0
e,5,100,5.264577966395517,145.36237478531814,0.39476548785722804,45.495152077071715,1.0
e,5,300,5.9456957045633505,145.18973062977435,1.1534667801282459,44.81974274565858,1.0
e,5,1000,7.414683726735054,143.5600305777694,3.745519535263925,42.40375403409042,1.0
e,5,3000,11.341145150238658,139.8348742275266,9.987731243268517,36.76583401292803,1.0
e,5,10000,25.86394435108356,141.98982958313513,20.084831366739095,29.33892344805142,1.0
e,5,20000,26.294797376386562,137.3060400913004,26.13565983257434,26.70108638266101,1.0
