systeme,pas,exemples_vus,jeu,L,exact_moy,exact_ec,g1,g2,g3
B-REF,250,64000,T-ID,2,0.0067,0.0058,0.0000,0.0100,0.0100
B-REF,250,64000,T-ID,3,0.0000,0.0000,0.0000,0.0000,0.0000
B-REF,250,64000,T-ID,4,0.0000,0.0000,0.0000,0.0000,0.0000
B-REF,250,64000,T-ID,5,0.0000,0.0000,0.0000,0.0000,0.0000
B-REF,250,64000,T-OOD,6,0.0000,0.0000,0.0000,0.0000,0.0000
B-REF,250,64000,T-OOD,8,0.0000,0.0000,0.0000,0.0000,0.0000
B-REF,500,128000,T-ID,2,0.0600,0.0100,0.0500,0.0600,0.0700
B-REF,500,128000,T-ID,3,0.0000,0.0000,0.0000,0.0000,0.0000
B-REF,500,128000,T-ID,4,0.0000,0.0000,0.0000,0.0000,0.0000
B-REF,500,128000,T-ID,5,0.0000,0.0000,0.0000,0.0000,0.0000
B-REF,500,128000,T-OOD,6,0.0000,0.0000,0.0000,0.0000,0.0000
B-REF,500,128000,T-OOD,8,0.0000,0.0000,0.0000,0.0000,0.0000
B-REF,1000,256000,T-ID,2,0.9233,0.0764,0.9900,0.9400,0.8400
B-REF,1000,256000,T-ID,3,0.7533,0.2196,0.8900,0.8700,0.5000
B-REF,1000,256000,T-ID,4,0.5800,0.2287,0.7500,0.6700,0.3200
B-REF,1000,256000,T-ID,5,0.2733,0.2237,0.4700,0.3200,0.0300
B-REF,1000,256000,T-OOD,6,0.0567,0.0737,0.1400,0.0300,0.0000
B-REF,1000,256000,T-OOD,8,0.0000,0.0000,0.0000,0.0000,0.0000
B-REF,2000,512000,T-ID,2,1.0000,0.0000,1.0000,1.0000,1.0000
B-REF,2000,512000,T-ID,3,0.9967,0.0058,1.0000,1.0000,0.9900
B-REF,2000,512000,T-ID,4,0.9767,0.0252,1.0000,0.9800,0.9500
B-REF,2000,512000,T-ID,5,0.8233,0.0929,0.9000,0.8500,0.7200
B-REF,2000,512000,T-OOD,6,0.2767,0.1168,0.3000,0.3800,0.1500
B-REF,2000,512000,T-OOD,8,0.0000,0.0000,0.0000,0.0000,0.0000
B-REF,4000,1024000,T-ID,2,1.0000,0.0000,1.0000,1.0000,1.0000
B-REF,4000,1024000,T-ID,3,1.0000,0.0000,1.0000,1.0000,1.0000
B-REF,4000,1024000,T-ID,4,0.9967,0.0058,0.9900,1.0000,1.0000
B-REF,4000,1024000,T-ID,5,0.9767,0.0321,0.9400,1.0000,0.9900
B-REF,4000,1024000,T-OOD,6,0.3900,0.3812,0.1800,0.1600,0.8300
B-REF,4000,1024000,T-OOD,8,0.0033,0.0058,0.0000,0.0000,0.0100
B-REF,8000,2048000,T-ID,2,1.0000,0.0000,1.0000,1.0000,1.0000
B-REF,8000,2048000,T-ID,3,1.0000,0.0000,1.0000,1.0000,1.0000
B-REF,8000,2048000,T-ID,4,1.0000,0.0000,1.0000,1.0000,1.0000
B-REF,8000,2048000,T-ID,5,1.0000,0.0000,1.0000,1.0000,1.0000
B-REF,8000,2048000,T-OOD,6,0.5767,0.3287,0.2800,0.5200,0.9300
B-REF,8000,2048000,T-OOD,8,0.0000,0.0000,0.0000,0.0000,0.0000
B-REF,12000,3072000,T-ID,2,1.0000,0.0000,1.0000,1.0000,1.0000
B-REF,12000,3072000,T-ID,3,1.0000,0.0000,1.0000,1.0000,1.0000
B-REF,12000,3072000,T-ID,4,1.0000,0.0000,1.0000,1.0000,1.0000
B-REF,12000,3072000,T-ID,5,1.0000,0.0000,1.0000,1.0000,1.0000
B-REF,12000,3072000,T-OOD,6,0.9067,0.0702,0.9000,0.9800,0.8400
B-REF,12000,3072000,T-OOD,8,0.0000,0.0000,0.0000,0.0000,0.0000
B-STD,250,64000,T-ID,2,0.0700,0.0361,0.0600,0.1100,0.0400
B-STD,250,64000,T-ID,3,0.0100,0.0100,0.0000,0.0100,0.0200
B-STD,250,64000,T-ID,4,0.0000,0.0000,0.0000,0.0000,0.0000
B-STD,250,64000,T-ID,5,0.0000,0.0000,0.0000,0.0000,0.0000
B-STD,250,64000,T-OOD,6,0.0000,0.0000,0.0000,0.0000,0.0000
B-STD,250,64000,T-OOD,8,0.0000,0.0000,0.0000,0.0000,0.0000
B-STD,500,128000,T-ID,2,0.7067,0.0503,0.7600,0.6600,0.7000
B-STD,500,128000,T-ID,3,0.2300,0.0819,0.3200,0.1600,0.2100
B-STD,500,128000,T-ID,4,0.0267,0.0208,0.0200,0.0100,0.0500
B-STD,500,128000,T-ID,5,0.0267,0.0462,0.0000,0.0000,0.0800
B-STD,500,128000,T-OOD,6,0.0000,0.0000,0.0000,0.0000,0.0000
B-STD,500,128000,T-OOD,8,0.0000,0.0000,0.0000,0.0000,0.0000
B-STD,1000,256000,T-ID,2,0.9067,0.0681,0.9600,0.9300,0.8300
B-STD,1000,256000,T-ID,3,0.5067,0.1150,0.6200,0.3900,0.5100
B-STD,1000,256000,T-ID,4,0.2267,0.2631,0.5300,0.0600,0.0900
B-STD,1000,256000,T-ID,5,0.1200,0.1300,0.0400,0.0500,0.2700
B-STD,1000,256000,T-OOD,6,0.0000,0.0000,0.0000,0.0000,0.0000
B-STD,1000,256000,T-OOD,8,0.0000,0.0000,0.0000,0.0000,0.0000
B-STD,2000,512000,T-ID,2,0.9667,0.0058,0.9600,0.9700,0.9700
B-STD,2000,512000,T-ID,3,0.8833,0.0907,0.8700,0.8000,0.9800
B-STD,2000,512000,T-ID,4,0.6233,0.2103,0.8400,0.4200,0.6100
B-STD,2000,512000,T-ID,5,0.2733,0.1818,0.0700,0.4200,0.3300
B-STD,2000,512000,T-OOD,6,0.0000,0.0000,0.0000,0.0000,0.0000
B-STD,2000,512000,T-OOD,8,0.0000,0.0000,0.0000,0.0000,0.0000
B-STD,4000,1024000,T-ID,2,0.9833,0.0153,0.9800,1.0000,0.9700
B-STD,4000,1024000,T-ID,3,0.9667,0.0153,0.9500,0.9700,0.9800
B-STD,4000,1024000,T-ID,4,0.8500,0.1153,0.9700,0.7400,0.8400
B-STD,4000,1024000,T-ID,5,0.7300,0.0954,0.6200,0.7800,0.7900
B-STD,4000,1024000,T-OOD,6,0.0000,0.0000,0.0000,0.0000,0.0000
B-STD,4000,1024000,T-OOD,8,0.0000,0.0000,0.0000,0.0000,0.0000
B-STD,8000,2048000,T-ID,2,1.0000,0.0000,1.0000,1.0000,1.0000
B-STD,8000,2048000,T-ID,3,0.9967,0.0058,1.0000,1.0000,0.9900
B-STD,8000,2048000,T-ID,4,0.9567,0.0586,1.0000,0.9800,0.8900
B-STD,8000,2048000,T-ID,5,0.9533,0.0252,0.9300,0.9800,0.9500
B-STD,8000,2048000,T-OOD,6,0.0000,0.0000,0.0000,0.0000,0.0000
B-STD,8000,2048000,T-OOD,8,0.0000,0.0000,0.0000,0.0000,0.0000
B-STD,12000,3072000,T-ID,2,1.0000,0.0000,1.0000,1.0000,1.0000
B-STD,12000,3072000,T-ID,3,1.0000,0.0000,1.0000,1.0000,1.0000
B-STD,12000,3072000,T-ID,4,0.9800,0.0200,1.0000,0.9800,0.9600
B-STD,12000,3072000,T-ID,5,0.9733,0.0115,0.9800,0.9800,0.9600
B-STD,12000,3072000,T-OOD,6,0.0000,0.0000,0.0000,0.0000,0.0000
B-STD,12000,3072000,T-OOD,8,0.0000,0.0000,0.0000,0.0000,0.0000
