systeme,fmt,graine,pas,exemples_vus,exemples_uniques,L,exact
A1,inv,1,250,64000,56825,6,0.0000
A1,inv,1,250,64000,56825,7,0.0000
A1,inv,1,250,64000,56825,8,0.0000
A1,inv,1,500,128000,110387,6,0.0000
A1,inv,1,500,128000,110387,7,0.0000
A1,inv,1,500,128000,110387,8,0.0000
A1,inv,1,750,192000,161956,6,0.0000
A1,inv,1,750,192000,161956,7,0.0000
A1,inv,1,750,192000,161956,8,0.0000
A1,inv,1,1000,256000,212322,6,0.0000
A1,inv,1,1000,256000,212322,7,0.0000
A1,inv,1,1000,256000,212322,8,0.0000
A1,inv,1,1250,320000,261815,6,0.0000
A1,inv,1,1250,320000,261815,7,0.0000
A1,inv,1,1250,320000,261815,8,0.0000
A1,inv,1,1500,384000,310319,6,0.0000
A1,inv,1,1500,384000,310319,7,0.0000
A1,inv,1,1500,384000,310319,8,0.0000
A1,inv,1,1750,448000,358396,6,0.0000
A1,inv,1,1750,448000,358396,7,0.0000
A1,inv,1,1750,448000,358396,8,0.0000
A1,inv,1,2000,512000,405818,6,0.0000
A1,inv,1,2000,512000,405818,7,0.0000
A1,inv,1,2000,512000,405818,8,0.0000
A1,inv,2,250,64000,56914,6,0.0000
A1,inv,2,250,64000,56914,7,0.0000
A1,inv,2,250,64000,56914,8,0.0000
A1,inv,2,500,128000,110114,6,0.0000
A1,inv,2,500,128000,110114,7,0.0000
A1,inv,2,500,128000,110114,8,0.0000
A1,inv,2,750,192000,161832,6,0.0000
A1,inv,2,750,192000,161832,7,0.0000
A1,inv,2,750,192000,161832,8,0.0000
A1,inv,2,1000,256000,212403,6,0.0000
A1,inv,2,1000,256000,212403,7,0.0000
A1,inv,2,1000,256000,212403,8,0.0000
A1,inv,2,1250,320000,261703,6,0.0000
A1,inv,2,1250,320000,261703,7,0.0000
A1,inv,2,1250,320000,261703,8,0.0000
A1,inv,2,1500,384000,310480,6,0.0000
A1,inv,2,1500,384000,310480,7,0.0000
A1,inv,2,1500,384000,310480,8,0.0000
A1,inv,2,1750,448000,358659,6,0.0000
A1,inv,2,1750,448000,358659,7,0.0000
A1,inv,2,1750,448000,358659,8,0.0000
A1,inv,2,2000,512000,406025,6,0.0000
A1,inv,2,2000,512000,406025,7,0.0000
A1,inv,2,2000,512000,406025,8,0.0000
A2,inv,1,250,64000,56825,6,0.0000
A2,inv,1,250,64000,56825,7,0.0000
A2,inv,1,250,64000,56825,8,0.0000
A2,inv,1,500,128000,110387,6,0.0000
A2,inv,1,500,128000,110387,7,0.0000
A2,inv,1,500,128000,110387,8,0.0000
A2,inv,1,750,192000,161956,6,0.0000
A2,inv,1,750,192000,161956,7,0.0000
A2,inv,1,750,192000,161956,8,0.0000
A2,inv,1,1000,256000,212322,6,0.0000
A2,inv,1,1000,256000,212322,7,0.0000
A2,inv,1,1000,256000,212322,8,0.0000
A2,inv,1,1250,320000,261815,6,0.0000
A2,inv,1,1250,320000,261815,7,0.0000
A2,inv,1,1250,320000,261815,8,0.0000
A2,inv,1,1500,384000,310319,6,0.0000
A2,inv,1,1500,384000,310319,7,0.0000
A2,inv,1,1500,384000,310319,8,0.0000
A2,inv,1,1750,448000,358396,6,0.0000
A2,inv,1,1750,448000,358396,7,0.0000
A2,inv,1,1750,448000,358396,8,0.0000
A2,inv,1,2000,512000,405818,6,0.0000
A2,inv,1,2000,512000,405818,7,0.0000
A2,inv,1,2000,512000,405818,8,0.0000
A2,inv,2,250,64000,56914,6,0.0000
A2,inv,2,250,64000,56914,7,0.0000
A2,inv,2,250,64000,56914,8,0.0000
A2,inv,2,500,128000,110114,6,0.0000
A2,inv,2,500,128000,110114,7,0.0000
A2,inv,2,500,128000,110114,8,0.0000
A2,inv,2,750,192000,161832,6,0.0000
A2,inv,2,750,192000,161832,7,0.0000
A2,inv,2,750,192000,161832,8,0.0000
A2,inv,2,1000,256000,212403,6,0.0000
A2,inv,2,1000,256000,212403,7,0.0000
A2,inv,2,1000,256000,212403,8,0.0000
A2,inv,2,1250,320000,261703,6,0.0000
A2,inv,2,1250,320000,261703,7,0.0000
A2,inv,2,1250,320000,261703,8,0.0000
A2,inv,2,1500,384000,310480,6,0.0000
A2,inv,2,1500,384000,310480,7,0.0000
A2,inv,2,1500,384000,310480,8,0.0000
A2,inv,2,1750,448000,358659,6,0.0000
A2,inv,2,1750,448000,358659,7,0.0000
A2,inv,2,1750,448000,358659,8,0.0000
A2,inv,2,2000,512000,406025,6,0.0000
A2,inv,2,2000,512000,406025,7,0.0000
A2,inv,2,2000,512000,406025,8,0.0000
A2-L,inv,1,250,64000,56825,6,0.0000
A2-L,inv,1,250,64000,56825,7,0.0000
A2-L,inv,1,250,64000,56825,8,0.0000
A2-L,inv,1,500,128000,110387,6,0.0000
A2-L,inv,1,500,128000,110387,7,0.0000
A2-L,inv,1,500,128000,110387,8,0.0000
A2-L,inv,1,750,192000,161956,6,0.0000
A2-L,inv,1,750,192000,161956,7,0.0000
A2-L,inv,1,750,192000,161956,8,0.0000
A2-L,inv,1,1000,256000,212322,6,0.0000
A2-L,inv,1,1000,256000,212322,7,0.0000
A2-L,inv,1,1000,256000,212322,8,0.0000
A2-L,inv,1,1250,320000,261815,6,0.0000
A2-L,inv,1,1250,320000,261815,7,0.0000
A2-L,inv,1,1250,320000,261815,8,0.0000
A2-L,inv,1,1500,384000,310319,6,0.0000
A2-L,inv,1,1500,384000,310319,7,0.0000
A2-L,inv,1,1500,384000,310319,8,0.0000
A2-L,inv,1,1750,448000,358396,6,0.0000
A2-L,inv,1,1750,448000,358396,7,0.0000
A2-L,inv,1,1750,448000,358396,8,0.0000
A2-L,inv,1,2000,512000,405818,6,0.0000
A2-L,inv,1,2000,512000,405818,7,0.0000
A2-L,inv,1,2000,512000,405818,8,0.0000
A2-L,inv,2,250,64000,56914,6,0.0000
A2-L,inv,2,250,64000,56914,7,0.0000
A2-L,inv,2,250,64000,56914,8,0.0000
A2-L,inv,2,500,128000,110114,6,0.0000
A2-L,inv,2,500,128000,110114,7,0.0000
A2-L,inv,2,500,128000,110114,8,0.0000
A2-L,inv,2,750,192000,161832,6,0.0000
A2-L,inv,2,750,192000,161832,7,0.0000
A2-L,inv,2,750,192000,161832,8,0.0000
A2-L,inv,2,1000,256000,212403,6,0.0000
A2-L,inv,2,1000,256000,212403,7,0.0000
A2-L,inv,2,1000,256000,212403,8,0.0000
A2-L,inv,2,1250,320000,261703,6,0.0000
A2-L,inv,2,1250,320000,261703,7,0.0000
A2-L,inv,2,1250,320000,261703,8,0.0000
A2-L,inv,2,1500,384000,310480,6,0.0000
A2-L,inv,2,1500,384000,310480,7,0.0000
A2-L,inv,2,1500,384000,310480,8,0.0000
A2-L,inv,2,1750,448000,358659,6,0.0000
A2-L,inv,2,1750,448000,358659,7,0.0000
A2-L,inv,2,1750,448000,358659,8,0.0000
A2-L,inv,2,2000,512000,406025,6,0.0000
A2-L,inv,2,2000,512000,406025,7,0.0000
A2-L,inv,2,2000,512000,406025,8,0.0000
A3,inv,1,250,64000,56825,6,0.0000
A3,inv,1,250,64000,56825,7,0.0000
A3,inv,1,250,64000,56825,8,0.0000
A3,inv,1,500,128000,110387,6,0.0000
A3,inv,1,500,128000,110387,7,0.0000
A3,inv,1,500,128000,110387,8,0.0000
A3,inv,1,750,192000,161956,6,0.0000
A3,inv,1,750,192000,161956,7,0.0000
A3,inv,1,750,192000,161956,8,0.0000
A3,inv,1,1000,256000,212322,6,0.0000
A3,inv,1,1000,256000,212322,7,0.0000
A3,inv,1,1000,256000,212322,8,0.0000
A3,inv,1,1250,320000,261815,6,0.0000
A3,inv,1,1250,320000,261815,7,0.0000
A3,inv,1,1250,320000,261815,8,0.0000
A3,inv,1,1500,384000,310319,6,0.0000
A3,inv,1,1500,384000,310319,7,0.0000
A3,inv,1,1500,384000,310319,8,0.0000
A3,inv,1,1750,448000,358396,6,0.0000
A3,inv,1,1750,448000,358396,7,0.0000
A3,inv,1,1750,448000,358396,8,0.0000
A3,inv,1,2000,512000,405818,6,0.0000
A3,inv,1,2000,512000,405818,7,0.0000
A3,inv,1,2000,512000,405818,8,0.0000
A3,inv,2,250,64000,56914,6,0.0000
A3,inv,2,250,64000,56914,7,0.0000
A3,inv,2,250,64000,56914,8,0.0000
A3,inv,2,500,128000,110114,6,0.0000
A3,inv,2,500,128000,110114,7,0.0000
A3,inv,2,500,128000,110114,8,0.0000
A3,inv,2,750,192000,161832,6,0.0000
A3,inv,2,750,192000,161832,7,0.0000
A3,inv,2,750,192000,161832,8,0.0000
A3,inv,2,1000,256000,212403,6,0.0000
A3,inv,2,1000,256000,212403,7,0.0000
A3,inv,2,1000,256000,212403,8,0.0000
A3,inv,2,1250,320000,261703,6,0.0000
A3,inv,2,1250,320000,261703,7,0.0000
A3,inv,2,1250,320000,261703,8,0.0000
A3,inv,2,1500,384000,310480,6,0.0000
A3,inv,2,1500,384000,310480,7,0.0000
A3,inv,2,1500,384000,310480,8,0.0000
A3,inv,2,1750,448000,358659,6,0.0000
A3,inv,2,1750,448000,358659,7,0.0000
A3,inv,2,1750,448000,358659,8,0.0000
A3,inv,2,2000,512000,406025,6,0.0000
A3,inv,2,2000,512000,406025,7,0.0000
A3,inv,2,2000,512000,406025,8,0.0000
A3-T,inv,1,250,64000,56825,6,0.0000
A3-T,inv,1,250,64000,56825,7,0.0000
A3-T,inv,1,250,64000,56825,8,0.0000
A3-T,inv,1,500,128000,110387,6,0.0000
A3-T,inv,1,500,128000,110387,7,0.0000
A3-T,inv,1,500,128000,110387,8,0.0000
A3-T,inv,1,750,192000,161956,6,0.0000
A3-T,inv,1,750,192000,161956,7,0.0000
A3-T,inv,1,750,192000,161956,8,0.0000
A3-T,inv,1,1000,256000,212322,6,0.0000
A3-T,inv,1,1000,256000,212322,7,0.0000
A3-T,inv,1,1000,256000,212322,8,0.0000
A3-T,inv,1,1250,320000,261815,6,0.0000
A3-T,inv,1,1250,320000,261815,7,0.0000
A3-T,inv,1,1250,320000,261815,8,0.0000
A3-T,inv,1,1500,384000,310319,6,0.0000
A3-T,inv,1,1500,384000,310319,7,0.0000
A3-T,inv,1,1500,384000,310319,8,0.0000
A3-T,inv,1,1750,448000,358396,6,0.0000
A3-T,inv,1,1750,448000,358396,7,0.0000
A3-T,inv,1,1750,448000,358396,8,0.0000
A3-T,inv,1,2000,512000,405818,6,0.0000
A3-T,inv,1,2000,512000,405818,7,0.0000
A3-T,inv,1,2000,512000,405818,8,0.0000
A3-T,inv,2,250,64000,56914,6,0.0000
A3-T,inv,2,250,64000,56914,7,0.0000
A3-T,inv,2,250,64000,56914,8,0.0000
A3-T,inv,2,500,128000,110114,6,0.0000
A3-T,inv,2,500,128000,110114,7,0.0000
A3-T,inv,2,500,128000,110114,8,0.0000
A3-T,inv,2,750,192000,161832,6,0.0000
A3-T,inv,2,750,192000,161832,7,0.0000
A3-T,inv,2,750,192000,161832,8,0.0000
A3-T,inv,2,1000,256000,212403,6,0.0000
A3-T,inv,2,1000,256000,212403,7,0.0000
A3-T,inv,2,1000,256000,212403,8,0.0000
A3-T,inv,2,1250,320000,261703,6,0.0000
A3-T,inv,2,1250,320000,261703,7,0.0000
A3-T,inv,2,1250,320000,261703,8,0.0000
A3-T,inv,2,1500,384000,310480,6,0.0000
A3-T,inv,2,1500,384000,310480,7,0.0000
A3-T,inv,2,1500,384000,310480,8,0.0000
A3-T,inv,2,1750,448000,358659,6,0.0000
A3-T,inv,2,1750,448000,358659,7,0.0000
A3-T,inv,2,1750,448000,358659,8,0.0000
A3-T,inv,2,2000,512000,406025,6,0.0000
A3-T,inv,2,2000,512000,406025,7,0.0000
A3-T,inv,2,2000,512000,406025,8,0.0000
