condition,N,uniques_vus,pas,T-ID_moy,V-OOD6,V-OOD7,V-OOD8
F0-abs,1000,1000,1000,0.0050,0.0000,0.0000,0.0000
F0-abs,10000,10000,1000,0.0213,0.0000,0.0000,0.0000
F0-abs,100000,100000,1000,0.0225,0.0000,0.0000,0.0000
F0-abs,256000,256000,1000,0.0163,0.0000,0.0000,0.0000
F0-nope,1000,1000,1000,0.0013,0.0000,0.0000,0.0000
F0-nope,10000,10000,1000,0.3337,0.0050,0.0000,0.0000
F0-nope,100000,100000,1000,0.6575,0.1050,0.0000,0.0000
F0-nope,256000,256000,1000,0.3513,0.0000,0.0000,0.0000
F1-abs,1000,1000,1000,0.3063,0.0000,0.0000,0.0000
F1-abs,10000,10000,1000,0.9113,0.0000,0.0000,0.0000
F1-abs,100000,100000,1000,0.9988,0.0000,0.0000,0.0000
F1-abs,256000,256000,1000,0.9712,0.0000,0.0000,0.0000
F1-nope,1000,1000,1000,0.4600,0.0000,0.0000,0.0000
F1-nope,10000,10000,1000,0.9988,0.4300,0.0000,0.0000
F1-nope,100000,100000,1000,1.0000,0.1850,0.0000,0.0000
F1-nope,256000,256000,1000,1.0000,0.2850,0.0000,0.0000
